<?xml version="1.0" encoding="UTF-8"?>

<mule xmlns:ftp="http://www.mulesoft.org/schema/mule/ee/ftp" xmlns:context="http://www.springframework.org/schema/context" xmlns:data-mapper="http://www.mulesoft.org/schema/mule/ee/data-mapper" xmlns:file="http://www.mulesoft.org/schema/mule/file" xmlns:cxf="http://www.mulesoft.org/schema/mule/cxf" xmlns:jersey="http://www.mulesoft.org/schema/mule/jersey" xmlns:jdbc-ee="http://www.mulesoft.org/schema/mule/ee/jdbc" xmlns:jms="http://www.mulesoft.org/schema/mule/jms" xmlns:smtp="http://www.mulesoft.org/schema/mule/smtp" xmlns:smtps="http://www.mulesoft.org/schema/mule/smtps" xmlns:tracking="http://www.mulesoft.org/schema/mule/ee/tracking" xmlns:vm="http://www.mulesoft.org/schema/mule/vm" xmlns:http="http://www.mulesoft.org/schema/mule/http" xmlns="http://www.mulesoft.org/schema/mule/core" xmlns:doc="http://www.mulesoft.org/schema/mule/documentation"
	xmlns:spring="http://www.springframework.org/schema/beans" version="EE-3.4.1"
	xmlns:xsi="http://www.w3.org/2001/XMLSchema-instance"
	xsi:schemaLocation="http://www.springframework.org/schema/beans http://www.springframework.org/schema/beans/spring-beans-current.xsd
http://www.mulesoft.org/schema/mule/core http://www.mulesoft.org/schema/mule/core/current/mule.xsd
http://www.mulesoft.org/schema/mule/http http://www.mulesoft.org/schema/mule/http/current/mule-http.xsd
http://www.mulesoft.org/schema/mule/vm http://www.mulesoft.org/schema/mule/vm/current/mule-vm.xsd
http://www.mulesoft.org/schema/mule/ee/tracking http://www.mulesoft.org/schema/mule/ee/tracking/current/mule-tracking-ee.xsd
http://www.mulesoft.org/schema/mule/smtp http://www.mulesoft.org/schema/mule/smtp/current/mule-smtp.xsd
http://www.mulesoft.org/schema/mule/smtps http://www.mulesoft.org/schema/mule/smtps/current/mule-smtps.xsd
http://www.mulesoft.org/schema/mule/jms http://www.mulesoft.org/schema/mule/jms/current/mule-jms.xsd
http://www.mulesoft.org/schema/mule/ee/jdbc http://www.mulesoft.org/schema/mule/ee/jdbc/current/mule-jdbc-ee.xsd
http://www.mulesoft.org/schema/mule/jersey http://www.mulesoft.org/schema/mule/jersey/current/mule-jersey.xsd
http://www.mulesoft.org/schema/mule/cxf http://www.mulesoft.org/schema/mule/cxf/current/mule-cxf.xsd
http://www.mulesoft.org/schema/mule/file http://www.mulesoft.org/schema/mule/file/current/mule-file.xsd
http://www.mulesoft.org/schema/mule/ee/data-mapper http://www.mulesoft.org/schema/mule/ee/data-mapper/current/mule-data-mapper.xsd
http://www.mulesoft.org/schema/mule/ee/ftp http://www.mulesoft.org/schema/mule/ee/ftp/current/mule-ftp-ee.xsd">
    <jms:activemq-connector name="Active_MQ" specification="1.1" brokerURL="${jms.brokerurl}" validateConnections="true" doc:name="Active MQ"/>
    <jdbc-ee:derby-data-source name="Derby_Data_Source" password="" url="jdbc:derby:memory:muleEmbeddedDB;create=true" transactionIsolation="UNSPECIFIED" doc:name="Derby Data Source"/>
    <jdbc-ee:connector name="jdbcConnector" dataSource-ref="Derby_Data_Source" validateConnections="true" queryTimeout="-1" pollingFrequency="0" doc:name="Database"/>
   <spring:beans>
        <spring:bean id="SetupDatabaseNotificationListener" class="com.mulesoft.training.SetupDatabaseNotificationListener"/>
		<spring:bean id="jdbcDataSource" class="org.enhydra.jdbc.standard.StandardDataSource" destroy-method="shutdown">
			<spring:property name="driverName" value="org.apache.derby.jdbc.EmbeddedDriver"/>
			<spring:property name="url" value="jdbc:derby:memory:muleEmbeddedDB;create=true"/>
		</spring:bean>
    </spring:beans>
	<notifications>
		<notification event="CONTEXT"/>
		<notification-listener ref="SetupDatabaseNotificationListener"/>
	</notifications>
    <data-mapper:config name="ms_excel_to_map" transformationGraphPath="ms_excel_to_map.grf" doc:name="ms_excel_to_map"/>
    <context:property-placeholder location="mule-app.properties"/>
    <flow name="allFlow1" doc:name="allFlow1">
        <http:inbound-endpoint exchange-pattern="request-response" host="localhost" port="8080" doc:name="HTTP"/>
        <choice doc:name="Choice">
            <when expression="message.inboundProperties['http.method']=='POST'">
		        <http:body-to-parameter-map-transformer doc:name="Body to Parameter Map"/>
                <expression-transformer expression="#[message.payload['destination']]" doc:name="Expression"/>
                <logger message="#[message.payload]" level="INFO" doc:name="Logger"/>
		        <logger level="INFO" category="My Note" doc:name="Logger"/>
		        <all doc:name="All">
		            <vm:outbound-endpoint exchange-pattern="request-response"  doc:name="VM" path="UnitedFlow"/>
		            <vm:outbound-endpoint exchange-pattern="request-response" path="DeltaFlow" doc:name="VM"/>
		            <vm:outbound-endpoint exchange-pattern="request-response" path="AmericanFlow" doc:name="VM"/>
		            <vm:outbound-endpoint exchange-pattern="request-response" path="SouthWestFlow" doc:name="VM"/>
		        </all>
		        <logger message="#[mule.version]" level="INFO" doc:name="Logger"/>
                <component class="com.mulesoft.training.SorterCallableComponent" doc:name="Java"/>
                <custom-transformer class="com.mulesoft.training.List2HtmlTransformer" doc:name="Java"/>
            </when>
            <when expression="message.inboundProperties['http.method']=='GET'">
                <custom-transformer class="com.mulesoft.training.FileServingTransformer" doc:name="Java">
                    <spring:property name="filePath" value="form.html"/>
     			</custom-transformer>
            </when>
            <otherwise>
                <logger level="INFO" doc:name="Logger"/>
            </otherwise>
        </choice>
        <object-to-string-transformer mimeType="text/html" doc:name="Object to String"/>
    </flow>
    <flow name="unitedClientJMSFlow1" doc:name="unitedClientJMSFlow1">
        <vm:inbound-endpoint exchange-pattern="request-response" path="UnitedFlow" doc:name="VM"/>
        <request-reply timeout="2000">
        	<jms:outbound-endpoint queue="MyQueue1" connector-ref="Active_MQ"/>
        	<jms:inbound-endpoint queue="MyQueue2" connector-ref="Active_MQ"/>
        </request-reply>
    </flow>
    <flow name="unitedServerJMSFlow1" doc:name="unitedServerJMSFlow1">
		<jms:inbound-endpoint queue="MyQueue1" connector-ref="Active_MQ" doc:name="JMS"/>
        <component class="com.mulesoft.training.PriceComponent" doc:name="Java"/>
        <append-string-transformer message=" United JMS" doc:name="Append String"/>
    </flow>
    <flow name="deltaJdbcFlow1" doc:name="deltaJdbcFlow1">
        <vm:inbound-endpoint exchange-pattern="request-response" path="DeltaFlow" doc:name="VM"/>
        <jdbc-ee:outbound-endpoint exchange-pattern="request-response" queryKey="getDestinationPrice" queryTimeout="-1" connector-ref="jdbcConnector" doc:name="Database">
            <jdbc-ee:query key="getDestinationPrice" value="SELECT PRICE FROM TicketPrices WHERE destination = #[message.payload]"/>
        </jdbc-ee:outbound-endpoint>
        <expression-transformer doc:name="Expression" expression="#[message.payload[0]['PRICE']]"/>
        <append-string-transformer message=" Delta JDBC" doc:name="Append String"/>
    </flow>
    <flow name="americanClientRESTFlow1" doc:name="americanClientRESTFlow1">
        <vm:inbound-endpoint exchange-pattern="request-response" path="AmericanFlow" doc:name="VM"/>
        <http:outbound-endpoint exchange-pattern="request-response" host="${rest.http.host}" port="${rest.http.port}" method="GET" doc:name="HTTP" path="resource/getprice/destination/SFO"/>
        <object-to-string-transformer doc:name="Object to String"/>
        <append-string-transformer message=" American REST" doc:name="Append String"/>
    </flow>
    <flow name="americanServerRESTFlow1" doc:name="americanServerRESTFlow1">
        <http:inbound-endpoint exchange-pattern="request-response" host="${rest.http.host}" port="${rest.http.port}" doc:name="HTTP" path="resource"/>
        <jersey:resources doc:name="REST">
            <component class="com.mulesoft.training.RestServerPriceComponent"/>
        </jersey:resources>
    </flow>
    <flow name="southWestSimpleFlow1" doc:name="southWestSimpleFlow1">
        <vm:inbound-endpoint exchange-pattern="request-response" path="SouthWestSimpleFlow" doc:name="VM"/>
        <component class="com.mulesoft.training.PriceComponent" doc:name="Java"/>
        <append-string-transformer message=" SouthWest" doc:name="Append String"/>
    </flow>
    <flow name="southWestClientSoapFlow1" doc:name="southWestClientSoapFlow1">
        <vm:inbound-endpoint exchange-pattern="request-response" path="SouthWestFlow" doc:name="VM"/>
        <cxf:jaxws-client serviceClass="com.mulesoft.training.SoapServerPriceComponent" operation="getPrice" doc:name="SOAP"/>
        <http:outbound-endpoint exchange-pattern="request-response" host="localhost" port="8084" path="ws" method="POST" doc:name="HTTP"/>
    </flow>
    <flow name="southWestServerSoapFlow1" doc:name="southWestServerSoapFlow1">
        <http:inbound-endpoint exchange-pattern="request-response"  doc:name="HTTP" host="localhost" path="ws" port="8084"/>
        <cxf:jaxws-service serviceClass="com.mulesoft.training.SoapServerPriceComponent" doc:name="SOAP"/>
        <component class="com.mulesoft.training.SoapServerPriceComponentImpl" doc:name="Java"/>
        <append-string-transformer message=" SouthWest SOAP" doc:name="Append String"/>
    </flow>
    <flow name="mapperFlow1" doc:name="mapperFlow1">
        <file:inbound-endpoint path="/Users/joesure/MuleStudio/workspacetraining01/mynewproject/src/main/resources/input" moveToDirectory="/Users/joesure/MuleStudio/workspacetraining01/mynewproject/src/main/resources/output" responseTimeout="10000" doc:name="File"/>
        <data-mapper:transform config-ref="ms_excel_to_map" doc:name="MS Excel To Map"/>
        <logger message="Payload: #[message.payload]" level="INFO" doc:name="Logger"/>
        <jdbc-ee:outbound-endpoint exchange-pattern="one-way" queryKey="savePrices" queryTimeout="-1" connector-ref="jdbcConnector" doc:name="Database">
            <jdbc-ee:query key="savePrices" value="UPDATE TicketPrices SET PRICE = #[message.payload['price']] WHERE DESTINATION = #[message.payload['destination']]"/>
        </jdbc-ee:outbound-endpoint>
    </flow>
</mule>
